prompt,response
"Generate a forest encounter for a level 5 party with a bandit ambush theme.","You encounter a group of bandits ambushing a merchant caravan. The bandits are led by a cunning rogue and have set traps along the forest path."
"Create a desert encounter for a level 10 party with an ancient tomb theme.","A sandstorm reveals the entrance to an ancient tomb guarded by a sphinx. Inside, you face mummified warriors and solve riddles to proceed."
"Design a mountain encounter for a level 3 party with a rockslide and predator theme.","A rockslide blocks your path, and you are attacked by a pair of hungry mountain lions. Nearby, a cave holds treasure but also a hidden danger."
"Generate a swamp encounter for a level 7 party with a hag's lair theme.","You stumble upon a hag's lair surrounded by will-o'-wisps. The hag offers a deal, but her minions lurk in the shadows, ready to attack."
"Create an urban encounter for a level 4 party with a theft and pursuit theme.","A thief steals a valuable item from a noble and disappears into the crowded marketplace. You must navigate the city and deal with local gangs to recover it."
"Design an underwater encounter for a level 8 party with a sunken ship theme.","While exploring a sunken ship, you are ambushed by a group of sahuagin. The ship contains a magical artifact guarded by a water elemental."
"Generate a jungle encounter for a level 6 party with a territorial dispute theme.","You are caught in a territorial dispute between a tribe of lizardfolk and a group of treasure hunters. Both sides demand your allegiance."
"Create a tundra encounter for a level 9 party with a frost giant patrol theme.","A frost giant patrols the area, searching for intruders. Nearby, a group of trapped explorers needs your help to escape an oncoming blizzard."
"Design a cave encounter for a level 2 party with a kobold alchemist theme.","Inside a dark cave, you find a nest of giant bats. Deeper in, a kobold alchemist is experimenting with dangerous potions."
"Generate a plains encounter for a level 12 party with a stampeding mammoths theme.","A herd of stampeding mammoths is being controlled by a druid gone mad. You must stop the chaos before it reaches a nearby village."